{"ex1":{"gas_fraction_standing":0.37104, "q_mix_standing":343.7737, "gas_viscosity_standing":0.011533,"gas_density_standing":23.4373,"water_viscosity_standing":0.99595,"water_density_standing":998.7732,"oil_viscosity_standing":24.20656,"oil_density_standing":835.7569,"mixture_viscosity_standing":4.15047,"mixture_density_standing":326.0167,"gas_fraction_mccain":0.361644,"q_mix_mccain":341,917, "gas_viscosity_mccain":0.011533,"gas_density_mccain":23.4373,"water_viscosity_mccain":0.99595,"water_density_mccain":998,7732,,"oil_viscosity_mccain":6.73489,"oil_density_mccain":806.217,"mixture_viscosity_mccain":1.340524,"mixture_density_mccain":329.3101},"ex2":{"p_wf":318.3378,"q_liq_vlp":[0,50,100,200,300,400,500],"p_wf_vlp":[354.0975,329.8994,320.0681,311.9454,309.743,310.3388,312.7479]},"ex3":{"h":[0,210,420,630,840,1050,1260,1470,1680,1890,2100,2310,2520,2730,2940,3150,3360,3570,3780,3990],"flow_pattern":[4,4,4,4,4,5,5,5,5,5,5,5,5,5,5,5,5,5,5,5]}}