{"ex1": {"h": [0.0, 24.404040404040405, 48.80808080808081, 73.21212121212122, 97.61616161616162, 122.02020202020202, 146.42424242424244, 170.82828282828282, 195.23232323232324, 219.63636363636365, 244.04040404040404, 268.44444444444446, 292.8484848484849, 317.2525252525253, 341.65656565656565, 366.06060606060606, 390.4646464646465, 414.8686868686869, 439.2727272727273, 463.67676767676767, 488.0808080808081, 512.4848484848485, 536.8888888888889, 561.2929292929293, 585.6969696969697, 610.1010101010102, 634.5050505050506, 658.9090909090909, 683.3131313131313, 707.7171717171717, 732.1212121212121, 756.5252525252525, 780.929292929293, 805.3333333333334, 829.7373737373738, 854.1414141414142, 878.5454545454546, 902.949494949495, 927.3535353535353, 951.7575757575758, 976.1616161616162, 1000.5656565656566, 1024.969696969697, 1049.3737373737374, 1073.7777777777778, 1098.1818181818182, 1122.5858585858587, 1146.989898989899, 1171.3939393939395, 1195.79797979798, 1220.2020202020203, 1244.6060606060607, 1269.0101010101012, 1293.4141414141416, 1317.8181818181818, 1342.2222222222222, 1366.6262626262626, 1391.030303030303, 1415.4343434343434, 1439.8383838383838, 1464.2424242424242, 1488.6464646464647, 1513.050505050505, 1537.4545454545455, 1561.858585858586, 1586.2626262626263, 1610.6666666666667, 1635.0707070707072, 1659.4747474747476, 1683.878787878788, 1708.2828282828284, 1732.6868686868688, 1757.0909090909092, 1781.4949494949497, 1805.89898989899, 1830.3030303030303, 1854.7070707070707, 1879.111111111111, 1903.5151515151515, 1927.919191919192, 1952.3232323232323, 1976.7272727272727, 2001.1313131313132, 2025.5353535353536, 2049.939393939394, 2074.3434343434346, 2098.747474747475, 2123.151515151515, 2147.5555555555557, 2171.959595959596, 2196.3636363636365, 2220.7676767676767, 2245.1717171717173, 2269.5757575757575, 2293.979797979798, 2318.3838383838383, 2342.787878787879, 2367.191919191919, 2391.59595959596, 2416.0], "p": [15.9, 18.132667211547158, 20.365014232040842, 22.597034871159607, 24.8287229962599, 27.060072530821, 29.29107745297178, 31.521731794093345, 33.75202963749216, 35.981965117138714, 38.211532416467385, 40.44072576723319, 42.669539448421844, 44.897967785209694, 47.126005147970254, 49.353645951324594, 51.580884653232715, 53.80771575412371, 56.034133796062164, 58.26013336194884, 60.4857090747537, 62.71085559677937, 64.93556762895335, 67.1598399101476, 69.38366721652375, 71.60704436090283, 73.82996619215807, 76.0524275946297, 78.27442348756067, 80.49594882455192, 82.71699859303689, 84.9375678137736, 87.15765154035401, 89.37724485872955, 91.59634288675223, 93.81494077373046, 96.03303369999904, 98.25061687650275, 100.46768554439258, 102.68423497463459, 104.90026046763033, 107.11575735284869, 109.33072098846853, 111.54514676103172, 113.759030085106, 115.9723664029576, 118.18515118423274, 120.39737992564805, 122.60904815068962, 124.82015140931972, 126.7915269865994, 128.52333709005177, 130.25479306025986, 131.98589280047028, 133.71663422345324, 135.44701525142744, 137.17703381598622, 138.90668785802526, 140.63597532767187, 142.3648941842152, 144.09344239603809, 145.82161794055023, 147.54941880412233, 149.27684298202166, 151.0038884783488, 152.73055330597543, 154.4568354864832, 156.18273305010385, 157.90824403566046, 159.6333664905093, 161.35809847048304, 163.082438039835, 164.8063832711841, 166.52993224546077, 168.25308305185402, 169.97583378775911, 171.6981825587262, 173.42012747840977, 175.141666668519, 176.8627982587689, 178.5835203868319, 180.30383119829085, 182.02372884659212, 183.7432114929998, 185.4622773065504, 187.18092446400843, 188.8991511498226, 190.6169555560824, 192.33433588247584, 194.05129033624732, 195.76781713215644, 197.48391449243715, 199.19958064675794, 200.91481383218184, 202.62961229312782, 204.34397428133207, 206.0578980558103, 207.7713818828202, 209.48442403582462, 211.19702279545513]}, "ex2": {"q_liq": [10.0, 12.0, 14.0, 16.0, 18.0, 20.0, 22.0, 24.0, 26.0, 28.0, 30.0, 32.0, 34.0, 36.0, 38.0, 40.0, 42.0, 44.0, 46.0, 48.0, 50.0, 52.0, 54.0, 56.0, 58.0, 60.0, 62.0, 64.0, 66.0, 68.0, 70.0, 72.0, 74.0, 76.0, 78.0, 80.0, 82.0, 84.0, 86.0, 88.0, 90.0, 92.0, 94.0, 96.0, 98.0, 100.0, 102.0, 104.0, 106.0, 108.0, 110.0, 112.0, 114.0, 116.0, 118.0, 120.0, 122.0, 124.0, 126.0, 128.0, 130.0, 132.0, 134.0, 136.0, 138.0, 140.0, 142.0, 144.0, 146.0, 148.0, 150.0, 152.0, 154.0, 156.0, 158.0, 160.0, 162.0, 164.0, 166.0, 168.0, 170.0, 172.0, 174.0, 176.0, 178.0, 180.0, 182.0, 184.0, 186.0, 188.0, 190.0, 192.0, 194.0, 196.0, 198.0, 200.0, 202.0, 204.0, 206.0, 208.0, 210.0, 212.0, 214.0, 216.0, 218.0, 220.0, 222.0, 224.0, 226.0, 228.0, 230.0, 232.0, 234.0, 236.0, 238.0, 240.0, 242.0, 244.0, 246.0, 248.0, 250.0, 252.0, 254.0, 256.0, 258.0, 260.0, 262.0, 264.0, 266.0, 268.0, 270.0, 272.0, 274.0, 276.0, 278.0, 280.0, 282.0, 284.0, 286.0, 288.0, 290.0, 292.0, 294.0, 296.0, 298.0, 300.0, 302.0, 304.0, 306.0, 308.0, 310.0, 312.0, 314.0, 316.0, 318.0, 320.0, 322.0, 324.0, 326.0, 328.0, 330.0, 332.0, 334.0, 336.0, 338.0, 340.0, 342.0, 344.0, 346.0, 348.0, 350.0, 352.0, 354.0, 356.0, 358.0, 360.0, 362.0, 364.0, 366.0, 368.0, 370.0, 372.0, 374.0, 376.0, 378.0, 380.0, 382.0, 384.0, 386.0, 388.0, 390.0, 392.0, 394.0, 396.0, 398.0, 400.0, 402.0, 404.0, 406.0, 408.0, 410.0, 412.0, 414.0, 416.0, 418.0, 420.0, 422.0, 424.0, 426.0, 428.0, 430.0, 432.0, 434.0, 436.0, 438.0, 440.0, 442.0, 444.0, 446.0, 448.0, 450.0, 452.0, 454.0, 456.0, 458.0, 460.0, 462.0, 464.0, 466.0, 468.0, 470.0, 472.0, 474.0, 476.0, 478.0, 480.0, 482.0, 484.0, 486.0, 488.0, 490.0, 492.0, 494.0, 496.0, 498.0, 500.0],