{"ex1":{"gas_fraction_standing":22.4150342, "q_mix_standing":172.1687797, "gas_viscosity_standing":0.011965294,"gas_density_standing":35.68773776,"water_viscosity_standing":1.004740608,"water_density_standing":998.9270325,"oil_viscosity_standing":0.519931898,"oil_density_standing":751.5826206,"mixture_viscosity_standing":0.301372584,"mixture_density_standing":382.0636658,"gas_fraction_mccain":34.43106807,"q_mix_mccain":170.859069,"gas_viscosity_mccain":0.011965294,"gas_density_mccain":35.68773776,"water_viscosity_mccain":1.004740608,"water_density_mccain":998.9270325,"oil_viscosity_mccain":0.372151333,"oil_density_mccain":728.6691769,"mixture_viscosity_mccain":0.265313515,"mixture_density_mccain":387.9766937},"ex2":{"p_wf":29.14129639,"q_liq_vlp":[0,25,300,400],"p_wf_vlp":[268.8548776,251.274721,308.2880217,340.4720583]},"ex3":{"h":[0,872.6315789,1047.157895,3316],"flow_pattern":[4,4,5,5]}}