{"ex1": {"q1": 36.32359, "q2": 32.26797, "q3": 60.87533, "q4": 20.14123, "Qsum": 149.6081}, "ex2": {}}