{"ex1": {"h": [0.0, 397.8391959798995, 805.8793969849246, 1213.9195979899498, 1621.9597989949748, 2030.0], "p": [1.99, 5.81844147876408, 9.631844572116176, 13.293279636997598, 16.57669550836302, 19.445910660399978]}, "ex2": {"q_liq": [10.0, 64.44444444444444, 118.88888888888889, 173.33333333333331, 227.77777777777777, 282.22222222222223, 336.66666666666663, 391.1111111111111, 445.55555555555554, 500.0], "p": [19.477573032458732, 19.476832941184167, 19.475327985511235, 19.473124306980694, 19.470236179466802, 19.46668341682339, 19.462459414984192, 19.457588625202916, 19.45207109457592, 19.445910660399978]}, "ex3": {"t": [10.0, 14.444444444444445, 18.88888888888889, 23.333333333333336, 27.77777777777778, 32.22222222222222, 36.66666666666667, 41.111111111111114, 45.55555555555556, 50.0], "p": [19.56586582275736, 19.54046778455119, 19.512388375445028, 19.481819845418908, 19.448889970861647, 19.413740430105776, 19.37643496289259, 19.33711858091561, 19.29587876126608, 19.252752928671423]}}