{"ex1": {"gas_fraction_standing": 0.306, "q_mix_standing": 25.559, "gas_viscosity_standing": 0.012, "gas_density_standing": 59.579, "water_viscosity_standing": 1.052, "water_density_standing": 1008.08, "oil_viscosity_standing": 2.747, "oil_density_standing": 746.293, "mixture_viscosity_standing": 1.129, "mixture_density_standing": 490.339, "gas_fraction_mccain": 0.502, "q_mix_mccain": 25.979, "gas_viscosity_mccain": 0.012, "gas_density_mccain": 59.58, "water_viscosity_mccain": 1.052, "water_density_mccain": 1008.08, "oil_viscosity_mccain": 1.392, "oil_density_mccain": 716.612, "mixture_viscosity_mccain": 0.751, "mixture_density_mccain": 495.63}, "ex2": {"p_wf": 145.43, "q_liq_vlp": [0, 10, 19.15, 20, 30, 40, 50, 60, 70, 80, 90, 100, 110, 120, 130, 140, 150, 160, 170, 180, 190, 200, 210, 220, 230, 240, 250, 260, 270, 280, 290, 300, 310, 320, 330, 340, 350, 360, 370, 380, 390, 400, 410, 420, 430, 440, 450, 460, 470, 480, 490, 500], "p_wf_vlp": [292.3868359, 284.1794192, 278.5972694, 278.1874021, 273.703115, 270.3635581, 267.8974919, 266.1876661, 265.1255231, 264.6532441, 264.7189031, 265.3014599, 266.3853935, 267.9528739, 269.9987753, 272.5255129, 275.5225511, 278.9878899, 282.909783, 287.2375105, 291.0122297, 294.7634183, 298.4705548, 302.1516748, 305.7724686, 309.3716521, 312.9503318, 316.4824087, 319.9835835, 323.4716853, 326.9121497, 330.325925, 333.7222656, 337.0727292, 340.3812829, 343.6685374, 346.9391684, 350.1934198, 353.4316647, 356.6558045, 359.8681073, 363.070288, 366.2608373, 369.4432624, 372.61947, 375.7876183, 378.9493519, 382.107758, 385.2622799, 388.4125492, 391.5605596, 394.7053954]}}