{"ex1":{"gas_fraction_standing":14.1343673, "q_mix_standing":296.06589, "gas_viscosity_standing":0.01153255,"gas_density_standing":23.43728,"water_viscosity_standing":0.9959477,"water_density_standing":998.7732,"oil_viscosity_standing":0.643444,"oil_density_standing":765.4198998,"mixture_viscosity_standing":0.32951,"mixture_density_standing":361.6302435,"gas_fraction_mccain":24.932834,"q_mix_mccain":292.91176, "gas_viscosity_mccain":0.01153255,"gas_density_mccain":23.43728,"water_viscosity_mccain":0.9959477,"water_density_mccain":998.7732,"oil_viscosity_mccain":0.417104,"oil_density_mccain":742.0395213,"mixture_viscosity_mccain":0.292314,"mixture_density_mccain":367.7289106},"ex2":{"p_wf":289.39626,"q_liq_vlp":[0,50,200,400],"p_wf_vlp":[315.85989,296.16046,291.07376,322.40677]},"ex3":{"h":[0,192.59,577.77,1540.72,2888.85],"flow_pattern":[4,4,4,5,5]}}