{"ex1": {"h": [0.0, 7.767676767676767, 15.535353535353535, 23.3030303030303, 31.07070707070707, 38.838383838383834, 46.6060606060606, 54.37373737373737, 62.14141414141414, 69.9090909090909, 77.67676767676767, 85.44444444444444, 93.2121212121212, 100.97979797979798, 108.74747474747474, 116.51515151515152, 124.28282828282828, 132.05050505050505, 139.8181818181818, 147.58585858585857, 155.35353535353534, 163.12121212121212, 170.88888888888889, 178.65656565656565, 186.4242424242424, 194.19191919191917, 201.95959595959596, 209.72727272727272, 217.49494949494948, 225.26262626262624, 233.03030303030303, 240.7979797979798, 248.56565656565655, 256.3333333333333, 264.1010101010101, 271.86868686868684, 279.6363636363636, 287.4040404040404, 295.17171717171715, 302.93939393939394, 310.70707070707067, 318.47474747474746, 326.24242424242425, 334.010101010101, 341.77777777777777, 349.5454545454545, 357.3131313131313, 365.0808080808081, 372.8484848484848, 380.6161616161616, 388.38383838383834, 396.1515151515151, 403.9191919191919, 411.68686868686865, 419.45454545454544, 427.22222222222223, 434.98989898989896, 442.75757575757575, 450.5252525252525, 458.2929292929293, 466.06060606060606, 473.8282828282828, 481.5959595959596, 489.3636363636363, 497.1313131313131, 504.8989898989899, 512.6666666666666, 520.4343434343434, 528.2020202020202, 535.969696969697, 543.7373737373737, 551.5050505050505, 559.2727272727273, 567.040404040404, 574.8080808080808, 582.5757575757575, 590.3434343434343, 598.1111111111111, 605.8787878787879, 613.6464646464647, 621.4141414141413, 629.1818181818181, 636.9494949494949, 644.7171717171717, 652.4848484848485, 660.2525252525252, 668.020202020202, 675.7878787878788, 683.5555555555555, 691.3232323232323, 699.090909090909, 706.8585858585858, 714.6262626262626, 722.3939393939394, 730.1616161616162, 737.9292929292928, 745.6969696969696, 753.4646464646464, 761.2323232323232, 769.0], "p": [22.9, 23.499129238240887, 24.097996662596408, 24.696598810331928, 25.29493225302046, 25.892993595948717, 26.490779477548358, 27.088286568850872, 27.685511572964735, 28.282451224573446, 28.879102289453304, 29.475461564009752, 30.0715258748312, 30.667292078259464, 31.26275705997579, 31.857917734601685, 32.45277104531374, 33.047313963471716, 33.6415434882592, 34.23545664633623, 34.829050491503125, 35.42232210437519, 36.0152685920676, 36.60788708788996, 37.20017475105018, 37.79212876636715, 38.38374634399175, 38.97502471913597, 39.56596115180953, 40.15655292656391, 40.746797352243256, 41.33669176174197, 41.92623351176861, 42.515419982615946, 43.104248577936715, 43.69271672452503, 44.28082187210306, 44.86856149311285, 45.455933082512985, 46.04293415758001, 46.62956225771422, 47.215814944249956, 47.801689800269855, 48.38718443042317, 48.97229646074792, 49.557023538496644, 50.14136333196578, 50.72531353032833, 51.30887184346986, 51.892036001827655, 52.19684881828809, 52.22360667687975, 52.250363682803936, 52.27711983583761, 52.3038751357578, 52.33062958234165, 52.3573831753664, 52.38413591460937, 52.41088779984798, 52.43763883085974, 52.46438900742227, 52.49113832931326, 52.517886796310506, 52.544634408191904, 52.57138116473544, 52.59812706571918, 52.6248721109213, 52.651616300120075, 52.678359633093855, 52.7051021096211, 52.731843729480346, 52.75858449245024, 52.78532439830952, 52.812063446837016, 52.83880163781163, 52.86553897101239, 52.892275446218406, 52.919011063208885, 52.94574582176312, 52.972479721660484, 52.99921276268048, 53.02594494460267, 53.05267626720673, 53.07940673027242, 53.10613633357959, 53.132865076908196, 53.15959296003828, 53.18631998274997, 53.21304614482351, 53.2397714460392, 53.266495886177466, 53.293219465018815, 53.31994218234385, 53.34666403793327, 53.37338503156785, 53.40010516302846, 53.42682443209609, 53.453542838551805, 53.48026038217676, 53.50697706275219]}, "ex2": {"q_liq": [10.0, 11.000000000000002, 12.0, 13.000000000000002, 14.0, 15.0, 16.0, 17.0, 18.0, 19.0, 20.0, 21.0, 21.999999999999996, 23.0, 24.0, 25.0, 26.000000000000004, 27.0, 28.0, 29.000000000000004, 29.999999999999996, 31.0, 32.0, 33.0, 34.0, 35.0, 36.0, 37.0, 38.0, 39.0, 40.0, 41.0, 42.0, 43.0, 43.99999999999999, 45.0, 46.0, 47.0, 48.0, 49.0, 50.0, 51.0, 52.00000000000001, 53.0, 53.99999999999999, 55.00000000000001, 56.0, 56.99999999999999, 58.00000000000001, 59.0, 59.99999999999999, 61.00000000000001, 62.0, 62.99999999999999, 64.0, 65.0, 66.0, 67.0, 68.0, 69.0, 69.99999999999999, 71.0, 72.0, 72.99999999999999, 74.0, 75.0, 75.99999999999999, 77.0, 78.0, 78.99999999999999, 80.0, 81.0, 81.99999999999999, 83.0, 84.0, 84.99999999999999, 86.0, 87.0, 87.99999999999999, 89.0, 90.0, 90.99999999999999, 92.0, 93.0, 94.0, 94.99999999999999, 96.0, 97.0, 97.99999999999999, 99.0, 100.0, 100.99999999999999, 101.99999999999999, 103.0, 103.99999999999999, 104.99999999999999, 106.0, 106.99999999999999, 107.99999999999999, 109.0, 109.99999999999999, 110.99999999999999, 112.0, 112.99999999999999, 113.99999999999999, 115.0, 115.99999999999999, 116.99999999999999, 118.0, 118.99999999999999, 119.99999999999999, 121.0, 121.99999999999999, 122.99999999999999, 124.0, 125.0, 125.99999999999999, 126.99999999999999, 128.0, 129.0, 129.99999999999997, 131.0, 132.0, 132.99999999999997, 134.0, 135.0, 135.99999999999997, 137.0, 138.0, 138.99999999999997, 140.0, 141.0, 141.99999999999997, 143.0, 144.0, 144.99999999999997, 146.0, 147.0, 147.99999999999997, 149.0, 150.0, 150.99999999999997, 151.99999999999997, 153.0, 154.0, 154.99999999999997, 156.0, 157.0, 157.99999999999997, 159.0, 160.0, 160.99999999999997, 162.0, 163.0, 163.99999999999997, 165.0, 166.0, 166.99999999999997, 168.0, 169.0, 169.99999999999997, 171.00000000000003, 172.0, 173.0, 174.0, 175.0, 175.99999999999997, 176.99999999999997, 178.0, 179.0, 180.0, 181.0, 182.00000000000003, 183.00000000000003, 184.0, 185.0, 186.0, 187.0, 188.00000000000003, 189.00000000000003, 190.0, 191.0, 192.0, 193.0, 194.0, 195.00000000000003, 196.0, 197.0, 198.0, 199.0, 200.0, 201.00000000000003, 202.00000000000003, 203.0, 204.0, 205.0, 206.0, 207.00000000000003, 208.00000000000003, 209.0, 210.0, 211.0, 212.0, 213.00000000000003, 214.00000000000003, 215.0, 216.0, 217.0, 218.0, 219.0, 220.00000000000003, 221.0, 222.0, 223.0, 224.0, 225.0, 226.00000000000003, 227.0, 228.0, 229.0, 230.0, 231.0, 232.00000000000003, 233.0, 234.0, 235.0, 236.0, 237.0, 238.00000000000003, 239.00000000000003, 240.0, 241.0, 242.0, 243.0, 243.99999999999997, 245.00000000000003, 246.0, 247.0, 248.0, 249.0, 250.0, 251.00000000000003, 252.0, 253.0, 254.0, 255.0, 256.0, 257.0, 258.0, 259.0, 260.0, 261.0, 262.0, 263.0, 264.0, 265.0, 266.0, 267.0, 268.0, 269.0, 270.0, 271.0, 272.0, 273.0, 274.0, 275.0, 276.0, 277.0, 278.0, 279.0, 280.0, 281.0, 282.0, 283.0, 284.0, 285.0, 286.0, 287.0, 288.0, 289.0, 290.0, 291.0, 292.0, 293.0, 294.0, 295.0, 296.0, 297.0, 298.0, 299.0, 300.0, 301.0, 302.0, 303.0, 304.0, 305.0, 306.0, 307.0, 308.0, 309.0, 310.0, 311.0, 312.0, 313.0, 314.0, 315.0, 316.0, 317.0, 318.0, 319.0, 320.0, 321.0, 322.0, 323.0, 324.0, 325.0, 326.0, 327.0, 328.0, 329.0, 330.0, 331.0, 332.0, 333.0, 334.0, 335.0, 336.0, 337.0, 338.0, 339.0, 339.99999999999994, 341.0, 341.99999999999994, 343.0, 343.99999999999994, 345.0, 346.0, 346.99999999999994, 348.0, 349.0, 350.0, 351.0, 351.99999999999994, 353.0, 354.00000000000006, 355.0, 356.0, 357.0, 358.0, 358.99999999999994, 360.0, 361.0, 362.0, 363.0, 363.99999999999994, 365.0, 366.00000000000006, 367.0, 368.0, 369.0, 370.0, 370.99999999999994, 372.0, 373.00000000000006, 374.0, 375.0, 376.0, 377.0, 377.99999999999994, 379.0, 380.0, 381.0, 382.0, 382.99999999999994, 384.0, 385.00000000000006, 386.0, 387.0, 388.0, 389.0, 389.99999999999994, 391.0, 392.0, 393.0, 394.0, 394.99999999999994, 396.0, 396.99999999999994, 398.0, 399.0, 400.0, 401.0, 401.99999999999994, 403.0, 404.00000000000006, 405.0, 406.0, 407.0, 408.0, 408.99999999999994, 410.0, 411.0, 412.0, 413.0, 413.99999999999994, 415.0, 416.00000000000006, 417.0, 418.0, 419.0, 420.0, 420.99999999999994, 422.0,