{"ex1": {"h": [0.0, 403.333333333333, 907.5, 1411.66666666667, 1915.83333333333 2420], "p_wf": [17,2, 60,7882365831194, 115,273532312019, 166,124223040918, 211,523006269817, 256,921789498716]}, "ex2": {"q_liq": [10.0, 64.44444444444444, 118.88888888888889, 173.33333333333331, 227.77777777777777, 282.22222222222223, 336.66666666666663, 391.1111111111111, 445.55555555555554, 500.0], "p_wf": [260,598279911665, 260,402088206858, 260,065763897678, 259,614858350022, 259,061112927878, 258,411886542732, 257,672400630981, 256,846630091539, 255,937742789434, 254,948346433553]}, "ex3": {"t": [10.0, 14.444444444444445, 18.88888888888889, 23.333333333333336, 27.77777777777778, 32.22222222222222, 36.66666666666667, 41.111111111111114, 45.55555555555556, 50.0], "p_wf": [247,227398339333, 247,266170320911, 247,220016973388, 247,101357830456, 246,919409269222, 246,681273231892, 246,392591270687, 246,057959315787, 245,681202200627, 245,265561821616]}}
