{"ex1": {"h": [0.0, 0.27185765649116866, 2.9904342214028556, 30.176199870519724, 302.0338563616884, 1800.0], "p_wf": [200.0, 199.97280360315975, 199.70085031175566, 196.9823838719932, 169.90419123422646, 24.553165637573954]}, "ex2": {"q_liq": [10.0, 564.4444444444445, 1118.888888888889, 1673.3333333333335, 2227.777777777778, 2782.222222222222, 3336.666666666667, 3891.1111111111113, 4445.555555555556, 5000.0], "p_wf": [327.8467942342095, 309.36808273954455, 256.43262703754124, 168.82806049749118, 46.24541766858354, 2.0298131079387023e-12, 8.027075061519923e-13, 1.0203169358211458e-12, 1.3320928760720276e-12, 1.1693311021537433e-12]}, "ex3": {"t": [10.0, 14.444444444444445, 18.88888888888889, 23.333333333333336, 27.77777777777778, 32.22222222222222, 36.66666666666667, 41.111111111111114, 45.55555555555556, 50.0], "p_wf": [21.46267131607138, 21.818931759074815, 22.179048491307555, 22.544442440112107, 22.91604826463714, 23.294514189033436, 23.680269030595127, 24.073611336116386, 24.47473397104241, 24.88375498386131]}}