{"ex1": {"h": [0.0, 24.444444444444443, 48.888888888888886, 73.33333333333333, 97.77777777777777, 122.22222222222221, 146.66666666666666, 171.1111111111111, 195.55555555555554, 220.0, 244.44444444444443, 268.88888888888886, 293.3333333333333, 317.77777777777777, 342.2222222222222, 366.66666666666663, 391.1111111111111, 415.55555555555554, 440.0, 464.4444444444444, 488.88888888888886, 513.3333333333333, 537.7777777777777, 562.2222222222222, 586.6666666666666, 611.1111111111111, 635.5555555555555, 660.0, 684.4444444444443, 708.8888888888888, 733.3333333333333, 757.7777777777777, 782.2222222222222, 806.6666666666666, 831.1111111111111, 855.5555555555555, 880.0, 904.4444444444443, 928.8888888888888, 953.3333333333333, 977.7777777777777, 1002.2222222222222, 1026.6666666666665, 1051.111111111111, 1075.5555555555554, 1100.0, 1124.4444444444443, 1148.888888888889, 1173.3333333333333, 1197.7777777777776, 1222.2222222222222, 1246.6666666666665, 1271.111111111111, 1295.5555555555554, 1320.0, 1344.4444444444443, 1368.8888888888887, 1393.3333333333333, 1417.7777777777776, 1442.2222222222222, 1466.6666666666665, 1491.111111111111, 1515.5555555555554, 1540.0, 1564.4444444444443, 1588.8888888888887, 1613.3333333333333, 1637.7777777777776, 1662.2222222222222, 1686.6666666666665, 1711.111111111111, 1735.5555555555554, 1760.0, 1784.4444444444443, 1808.8888888888887, 1833.3333333333333, 1857.7777777777776, 1882.2222222222222, 1906.6666666666665, 1931.111111111111, 1955.5555555555554, 1979.9999999999998, 2004.4444444444443, 2028.8888888888887, 2053.333333333333, 2077.777777777778, 2102.222222222222, 2126.6666666666665, 2151.111111111111, 2175.555555555555, 2200.0, 2224.4444444444443, 2248.8888888888887, 2273.333333333333, 2297.777777777778, 2322.222222222222, 2346.6666666666665, 2371.111111111111, 2395.555555555555, 2420.0], "p": 27.052208548009048}, "ex2": {"q_liq": [10.0, 64.44444444444444, 118.88888888888889, 173.33333333333331, 227.77777777777777, 282.22222222222223, 336.66666666666663, 391.1111111111111, 445.55555555555554, 500.0], "p_wf": [27.262881211891276, 27.258422881551688, 27.24897617977816, 27.234790138296496, 27.21590907042087, 27.192373046620183, 27.164208653264634, 27.131466885577705, 27.09411762225294, 27.052208548009048]}, "ex3": {"t": [10.0, 14.444444444444445, 18.88888888888889, 23.333333333333336, 27.77777777777778, 32.22222222222222, 36.66666666666667, 41.111111111111114, 45.55555555555556, 50.0], "p_wf": [26.802422123449023, 26.765284714835676, 26.724041716981933, 26.67900996670541, 26.630486097858903, 26.578649002080944, 26.52371616546208, 26.46581325490436, 26.405155684239737, 26.34184510650189]}}