{"ex1": {"gas_fraction_standing": 0.66, "q_mix_standing": 168.36, "gas_viscosity_standing": 0.0117, "gas_density_standing": 27.7, "water_viscosity_standing": 0.9991, "water_density_standing": 998.83, "oil_viscosity_standing": 3.7673, "oil_density_standing": 829.62, "mixture_viscosity_standing": 0.408, "mixture_density_standing": 133.48, "gas_fraction_mccain": 0.65, "q_mix_mccain": 168.36, "gas_viscosity_mccain": 0.0117, "gas_density_mccain": 27.7, "water_viscosity_mccain": 0.9991, "water_density_mccain": 998.83, "oil_viscosity_mccain": 1.6705, "oil_density_mccain": 804.96, "mixture_viscosity_mccain": 0.213, "mixture_density_mccain": 139.22}, "ex2": {"p_wf": 170.457786, "q_liq_vlp": [0, 10, 20, 30, 40, 50, 60, 70, 80, 90, 100, 110, 120, 130, 140, 150, 160, 170, 180, 190, 200, 210, 220, 230, 240, 250, 260, 270, 280, 290, 300, 310, 320, 330, 340, 350, 360, 370, 380, 390, 400, 410, 420, 430, 440, 450, 460, 470, 480, 490, 500], "p_wf_vlp": [283.9857306, 248.6465183, 227.8365483, 212.6906623, 197.7725802, 186.1837997, 176.9941653, 169.7757572, 163.9323605, 159.1673126, 155.3656054, 152.1375951, 149.546073, 147.5004745, 145.7237118, 144.3558304, 143.1671498, 142.3361773, 141.7191264, 141.1889919, 140.8819888, 140.768409, 140.6875373, 140.7889874, 140.9909219, 141.2841513, 141.6773452, 142.1543309, 142.7105039, 143.3269828, 144.0132747, 144.7571652, 145.5907125, 146.4145901, 147.3317959, 148.2804809, 149.2626966, 150.3705098, 151.3855697, 152.5173865, 153.6603323, 154.8629267, 156.0549195, 157.3305498, 158.5806193, 159.8775985, 161.2146255, 162.5298764, 163.9226265, 165.3004455, 166.7123622]}, "ex3": {"h": [0, 1000, 2000, 3000, 3536], "flow_pattern": [4, 4, 4, 4, 4]}}