{"ex1": {"h": [34.73418, 104.2025, 191.038, 269.1899, 321.2911, 357.2405, 388.8861, 407.8734, 439.519, 464.8354], "p_wf": [26.26216, 33.58078, 42.71707, 50.92515, 56.37911, 60.1259, 63.40896, 65.37495, 68.64485, 71.25446]}, "ex2": {"q_liq": [20, 55, 100, 140, 170, 230, 280, 320, 360, 415], "p_wf": [71.71961, 71.71858, 71.71628, 71.71337, 71.71069, 71.70404, 71.69722, 71.69095, 71.68395, 71.67316]}, "ex3": {"t": [11, 14, 17, 22, 26, 29, 33, 36, 41, 47], "p_wf": [71.7269, 71.69192, 71.65483, 71.58857, 71.53175, 71.48702, 71.42466, 71.37591, 71.29105, 71.18349]}} 