{"ex1":{"gas_fraction_standing":17.01, "q_mix_standing":168.36, "gas_viscosity_standing":0.01167,"gas_density_standing":27.70186613,"water_viscosity_standing":0.999058475,"water_density_standing":998.8258336,"oil_viscosity_standing":20.24449361,"oil_density_standing":830.5864371,"mixture_viscosity_standing":0.119549261,"mixture_density_standing":117.9753135,"gas_fraction_mccain":26.11361958,"q_mix_mccain":168.3646855, "gas_viscosity_mccain":0.011676727,"gas_density_mccain":27.70186613,"water_viscosity_mccain":0.999058475,"water_density_mccain":998.8258336,"oil_viscosity_mccain":6.161951542,"oil_density_mccain":803.1955335,"mixture_viscosity_mccain":0.08329808,"mixture_density_mccain":119.9660118},"ex2":{"p_wf":152.0368995,"q_liq_vlp":[0,20,40,63,80,100,120,140,160,180,200,220,240,260,280,300,320,340,360,380,400,420,440,460,480,500],"p_wf_vlp":[260.47,197.93,159.40,154.05,168.57,187.74,206.42,224.29,241.04,255.19,268.90,282.22,295.23,307.98,320.55,332.98,345.92,359.16,372.51,385.99,399.81,414.77,430.07,445.72,461.74,478.16]},"ex3":{"h":[0,186,372,558,744,931,1117,1303,1489,1675,1861,2047,2233,2419,2605,2792,2978,3164,3350,3536],"flow_pattern":[4,4,4,4,4,4,4,4,4,4,4,4,4,4,4,4,4,4,4,4]}}
