{"ex1": {"gas_fraction_standing": 0.29115744302409396, "q_mix_standing": 87.8629474562996, "gas_viscosity_standing": 0.013786253380609242, "gas_density_standing": 75.85765683052821, "water_viscosity_standing": 0.9826582426274554, "water_density_standing": 1002.2271207836761, "oil_viscosity_standing": 1.163407140444836, "oil_density_standing": 747.123255251485, "mixture_viscosity_standing": 0.7494922974623911, "mixture_density_standing": 663.4516774106287, "gas_fraction_mccain": 0.26331055949681165, "q_mix_mccain": 84.93883915746989, "gas_viscosity_mccain": 0.01396367813189165, "gas_density_mccain": 79.24342793424564, "water_viscosity_mccain": 0.9826029221949222, "water_density_mccain": 1002.3855220035855, "oil_viscosity_mccain": 1.0347669324787094, "oil_density_mccain": 745.1135433973305, "mixture_viscosity_mccain": 0.7423339711314485, "mixture_density_mccain": 686.3980816215337}, "ex2": {"p_wf": 380.9347296538447, "q_liq_vlp": [0.001, 55.556444444444445, 111.1118888888889, 166.66733333333335, 222.2227777777778, 277.7782222222222, 333.33366666666666, 388.8891111111111, 444.44455555555555, 500.0], "p_wf_vlp": [382.2740743610867, 381.10099755660025, 376.9284722106366, 376.20692663087675, 376.59908588427874, 377.2757277633761, 379.86512206933924, 382.78793852352885, 384.2319990387494, 384.2274482391227]}, "ex3": {"h": [0, 199, 397, 596, 795, 993, 1192, 1390, 1589, 1788, 1986, 2185, 2384, 2582, 2781, 2979, 3178, 3377, 3575, 3774], "flow_pattern": [0, 0, 0, 0, 0, 0, 0, 0, 0, 0, 0, 0, 0, 0, 0, 0, 0, 0, 0, 0]}}