{"ex1": {"h": [27.75472, 138.7736,240.5409,333.0566,462.5786,564.3459,684.6164,765.1321,824.3962,877.0755], "p_wf": [30.38684,41.53014,51.73887,61.01428,73.99098,84.1793,96.20903,104.2431,110.142,115.3779]}, "ex2": {"q_liq": [50,100,150,200,250,300,350,400,450,500], "p_wf": [153.5148,153.509,153.5001,153.4882,153.4734,153.4557,153.4351,153.4116,153.3853,153.3561]}, "ex3": {"t": [10,13,15,20,25,30,35,40,45,50], "p_wf": [153.5969,153.5083,153.4462,153.2807,153.1016,152.9095,152.7051,152.4891,152.2619,152.024]}} 
