{"ex1": {"h": [0.0, 7.777777777777778, 15.555555555555555, 23.333333333333332, 31.11111111111111, 38.888888888888886, 46.666666666666664, 54.44444444444444, 62.22222222222222, 70.0, 77.77777777777777, 85.55555555555556, 93.33333333333333, 101.11111111111111, 108.88888888888889, 116.66666666666667, 124.44444444444444, 132.22222222222223, 140.0, 147.77777777777777, 155.55555555555554, 163.33333333333334, 171.11111111111111, 178.88888888888889, 186.66666666666666, 194.44444444444443, 202.22222222222223, 210.0, 217.77777777777777, 225.55555555555554, 233.33333333333334, 241.11111111111111, 248.88888888888889, 256.6666666666667, 264.44444444444446, 272.22222222222223, 280.0, 287.77777777777777, 295.55555555555554, 303.3333333333333, 311.1111111111111, 318.88888888888886, 326.6666666666667, 334.44444444444446, 342.22222222222223, 350.0, 357.77777777777777, 365.55555555555554, 373.3333333333333, 381.1111111111111, 388.88888888888886, 396.6666666666667, 404.44444444444446, 412.22222222222223, 420.0, 427.77777777777777, 435.55555555555554, 443.3333333333333, 451.1111111111111, 458.88888888888886, 466.6666666666667, 474.44444444444446, 482.22222222222223, 490.0, 497.77777777777777, 505.55555555555554, 513.3333333333334, 521.1111111111111, 528.8888888888889, 536.6666666666666, 544.4444444444445, 552.2222222222222, 560.0, 567.7777777777777, 575.5555555555555, 583.3333333333334, 591.1111111111111, 598.8888888888889, 606.6666666666666, 614.4444444444445, 622.2222222222222, 630.0, 637.7777777777777, 645.5555555555555, 653.3333333333334, 661.1111111111111, 668.8888888888889, 676.6666666666666, 684.4444444444445, 692.2222222222222, 700.0, 707.7777777777777, 715.5555555555555, 723.3333333333334, 731.1111111111111, 738.8888888888889, 746.6666666666666, 754.4444444444445, 762.2222222222222, 770.0], "p": 7.8427133095055535}, "ex2": {"q_liq": [10.0, 64.44444444444444, 118.88888888888889, 173.33333333333331, 227.77777777777777, 282.22222222222223, 336.66666666666663, 391.1111111111111, 445.55555555555554, 500.0], "p_wf": [7.904578785331133, 7.90312811765918, 7.900167451462109, 7.89581597728819, 7.8901436612550215, 7.883176745546006, 7.874935059048016, 7.865439446224761, 7.854699070797698, 7.8427133095055535]}, "ex3": {"t": [10.0, 14.444444444444445, 18.88888888888889, 23.333333333333336, 27.77777777777778, 32.22222222222222, 36.66666666666667, 41.111111111111114, 45.55555555555556, 50.0], "p_wf": [7.920837250241257, 7.9123280255821555, 7.902793234958492, 7.892272272864359, 7.880859723170097, 7.8686153532131256, 7.855571724271152, 7.841742561742913, 7.827198796185352, 7.811947142055351]}}