{"ex1":{"h":[0,48.0833333333333,96.1666666666667,144.25,192.333333333333,240.416666666667,288.5,336.583333333333,384.666666666667,432.75,480.833333333333,528.916666666667,577,625.083333333333,673.166666666667,721.25,769.333333333333,817.416666666667,865.5,913.583333333334,961.666666666667,1009.75,1057.83333333333,1105.91666666667,1154],"p_wf":[16.4,21.1034407112828,25.8036382498538,30.5003514381791,35.1933483165806,39.8824052657351,44.5673062797099,49.247842356491,53.9238109815616,58.5950156861297,63.2612656659356,67.9223754497328,72.5781646088781,75.7620315792735,78.943265454967,82.1218114766298,85.2976158580551,88.4706257573137,91.6407892499189,94.8080553038042,97.9723737559397,101.133695290435,104.291971417992,107.447154456587,110.599197513272]},"ex2":{ "q_liq": [10,100,200,300,400,500], "p_wf":[111.1,111,110.8,110.4,110,109.4]}, "ex3":{ "t0": [10,20,30,40,50], "p_wf":[111.2,110.9,110.5,110,109.5]}}

