{"ex1": {"gas_fraction_standing": 0.838083034, "q_mix_standing": 716.2665971, "gas_viscosity_standing": 0.011532548, "gas_density_standing": 23.437276, "water_viscosity_standing": 1.034413194, "water_density_standing": 1007.762159, "oil_viscosity_standing": 0.674752723, "oil_density_standing": 772.1790518, "mixture_viscosity_standing": 0.140827455, "mixture_density_standing": 164.5066216, "gas_fraction_mccain": 0.831083478, "q_mix_mccain": 700.5968286, "gas_viscosity_mccain": 0.011532548, "gas_density_mccain": 23.437276, "water_viscosity_mccain": 1.034413194, "water_density_mccain": 1007.762159, "oil_viscosity_mccain": 0.426583876, "oil_density_mccain": 748.4427865, "mixture_viscosity_mccain": 0.125331756, "mixture_density_mccain": 168.6804148}, "ex2": {"p_wf": 136.7193097, "q_liq_vlp": [0, 10, 20, 30, 40, 50, 60, 70, 80, 90, 100, 110, 120, 130, 140, 150, 160, 170, 180, 190, 200, 210, 220, 230, 240, 250, 260, 270, 280, 290, 300, 310, 320, 330, 340, 350, 360, 370, 380, 390, 400, 410, 420, 430, 440, 450, 460, 470, 480, 490, 500], "p_wf_vlp": [346.160448, 317.7215082, 298.3528259, 284.1771381, 273.1922629, 262.6982542, 254.0131989, 246.7608684, 240.5878663, 235.3311644, 230.6956422, 226.7912916, 223.4767443, 220.6549269, 218.1705196, 216.0245028, 214.2919706, 212.6939954, 211.368764, 210.3348971, 209.3313415, 208.5674355, 207.9480748, 207.527192, 207.1601452, 207.0438434, 206.8836649, 206.8405857, 206.9298233, 207.0879727, 207.3433297, 207.6373519, 208.0445569, 208.5101669, 209.0308845, 209.6036839, 210.2257805, 210.8946037, 211.6077747, 212.4198456, 213.2279194, 214.1030433, 214.9919248, 215.9251866, 216.9389912, 217.9064787, 219.0109786, 220.0244773, 221.1474006, 222.2151359, 223.3712759]}, "ex3": {"h": [0, 1000, 2000, 3000, 3990], "flow_pattern": [4, 4, 4, 4, 4]}}