{"ex1": {"h": [0.0, 100.2916667, 200.5833333, 300.875, 401.1666667, 501.4583333, 601.75, 702.0416667, 802.3333333, 902.625, 1002.916667, 1103.208333, 1203.5, 1303.791667, 1404.083333, 1504.375, 1604.666667, 1704.958333, 1805.25, 1905.541667, 2005.833333, 2106.125, 2206.416667, 2306.708333, 2407.0], "p_wf": [19.3, 29.04101576, 38.7768721, 48.50709875, 58.23128186, 67.94902322, 77.65993872, 87.36365711, 97.05981886, 106.7480753, 116.4280879, 126.0995274, 135.7620736, 144.3714483, 152.9732888, 161.5673861, 170.1535327, 178.7315253, 187.3011648, 195.8622563, 204.4146089, 212.9580355, 221.4923525, 230.0173802, 238.5329422]}, "ex2": {"q_liq": [10.0, 30.41666667, 50.83333333, 71.25, 91.66666667, 112.0833333, 132.5, 152.9166667, 173.3333333, 193.75, 214.1666667, 234.5833333, 255, 275.4166667, 295.8333333, 316.25, 336.6666667, 357.0833333, 377.5, 397.9166667, 418.3333333, 438.75, 459.1666667, 479.5833333, 500.0], "p_wf": [240.0166089, 240.0073872, 239.9913676, 239.9689662, 239.9403845, 239.9057533, 239.8651113, 239.8185241, 239.7660556, 239.7076823, 239.6434502, 239.5734122, 239.4975138, 239.4157998, 239.328324, 239.2350093, 239.135904, 239.0310673, 238.9204018, 238.8039623, 238.6818142, 238.5538416, 238.4201064, 238.2806813, 238.1354324]}, "ex3": {"t": [10.0, 11.66666667, 13.33333333, 15, 16.66666667, 18.33333333, 20, 21.66666667, 23.33333333, 25, 26.66666667, 28.33333333, 30, 31.66666667, 33.33333333, 35, 36.66666667, 38.33333333, 40, 41.66666667, 43.33333333, 45, 46.66666667, 48.33333333, 50.0], "p_wf": [239.5374281, 239.4188525, 239.2959531, 239.1674054, 239.0340776, 238.8969398, 238.7544599, 238.6075621, 238.4572691, 238.3018679, 238.1423436, 237.9797754, 237.8122875, 237.6409268, 237.4668294, 237.2879702, 237.1054568, 236.9204816, 236.7308808, 236.5378211, 236.3425498, 236.1427732, 235.939715, 235.7346757, 235.5252393]}}
